<?xml version="1.0" encoding="UTF-8" standalone="no"?>
<!-- source: http://www.vogella.com/tutorials/DocBook/article.html -->
<!--DOCTYPE article PUBLIC "-//OASIS//DTD DocBook XML V4.5//EN"
        "http://www.oasis-open.org/docbook/xml/4.5/docbookx.dtd"-->

<article>
  <title>Docbook Article Example</title>

  <articleinfo>
    <title>DocBook Intro</title>
    <author>
      <firstname>Lars</firstname>
      <surname>Vogel</surname>
    </author>
    <volumenum>1234</volumenum>
  </articleinfo>

  <chapter>
    <title>This is the first chapter</title>
    <section>
      <title>First section in the chapter</title>
      <para>Test</para>
      <section>
        <title>First sub section</title>
        <para>Subsection1</para>
      </section>
      <section>
        <title>second sub section</title>
        <para> Subsection2</para>
      </section>
    </section>
    <section>
      <title>Second section in the chapter</title>
      <para>Other random text</para>
      <!--para-->
        <mediaobject>
          <imageobject>
            <imagedata fileref="images/title.png"/>
          </imageobject>
          <textobject>
            <phrase>Image description</phrase>
          </textobject>
      </mediaobject>
      <!--/para-->
    </section>
  </chapter>

  <chapter>
    <title>This is the second chapter</title>
    <section>
      <title>My Title</title>
      <para>More...</para>
    </section>
    <section>
      <title>Other title</title>
      <para>Blabla</para>
    </section>
  </chapter>
</article> 